排名,热搜,热度
特别报道,你的2050年什么样,置顶话题
1,云南蝴蝶大爆发,2773577
2,警方回应三亚女子跳舞坠楼,1589552
3,教育部明确师范生教师职业四大能力,1001498
4,买赞,981546
5,你不喜欢夏天的原因,800580
6,央行5月20号发行心形纪念币,720359
7,孟美岐李云迪表情包被搬上课堂,677641
8,目击者还原杭州发现豹子经过,622387
9,MSI,568755
10,工藤静香给木村拓哉买冰淇淋,526632
11,三亚跳舞坠楼,526303
12,乃万 我不会退缩因为我没有做错,524926
13,乃万工作室声明,523022
14,外交部就暂停中澳战略经济对话表态,520939
15,兰州一小区禁止特斯拉入内,519050
16,恋爱一年以上的聊天记录,517823
17,维和防暴队,514555
18,刘亦菲,513219
19,2020年上市公司分红1.52万亿元,511260
20,王一博新电影杀青照,508571
21,女子阳台跳舞坠楼目击者发声,507288
22,白居易不娶琵琶女的原因,505268
23,庆怜怼脸自拍,503650
24,G7,454454
25,为什么医生喜欢把手背在后面,445088
26,见过最像脚的鞋子,443510
27,还以为在动物园偶遇明星了,403939
28,官方调查学校强制实习赚取人头费,362187
29,京东被曝显卡售后不肯维修要原价退款,332286
30,谁发明的上班,332102
31,欧洲议会议员对中国的杰出表现如数家珍,331448
32,买鱼剪开鱼肚发现完整塑料杯,278645
33,如何看待牛奶成箱倒掉只为追星,259252
34,云南滇池南岸别墅密布成水泥森林,243048
35,印度老人遗体火化时女儿跳进火堆,242913
36,2驴友非法穿越秦岭1人死亡,237141
37,任嘉伦抱着邢菲摔了85次,234204
38,青春有你 决赛夜返厂,219819
39,警方介入女子跳舞坠楼事件,219434
40,姚策养母起诉医院案5月8日开庭,217756
41,00后成五一假期出游最活跃群体,215046
42,五一假期全国发送旅客2.67亿人次,214083
43,警方通报水库5人落水4人死亡,211503
44,印度平均每分钟2人死于新冠,210045
45,杨紫白色纱裙,209161
46,广州健康码上线木棉花皮肤,201944
47,面包店报废不好看的面包被约谈,200778
48,那些让你想离婚的瞬间,199819
49,警方回应当街枪击德牧,199492
50,张哲瀚龚俊换头像,193797
